,Any,Codi_Districte,Nom_Districte,Codi_Barri,Nom_Barri,Seccio_Censal,Import_Renda_Bruta_€                
0,2019,1,Ciutat Vella,1,el Raval,1,32635
1,2019,1,Ciutat Vella,1,el Raval,2,28555
2,2019,1,Ciutat Vella,1,el Raval,3,29825
3,2019,1,Ciutat Vella,1,el Raval,4,34276
4,2019,1,Ciutat Vella,1,el Raval,5,27182
5,2019,1,Ciutat Vella,1,el Raval,6,32701
6,2019,1,Ciutat Vella,1,el Raval,7,31715
7,2019,1,Ciutat Vella,1,el Raval,8,27067
8,2019,1,Ciutat Vella,1,el Raval,9,30409
9,2019,1,Ciutat Vella,1,el Raval,10,28740
10,2019,1,Ciutat Vella,1,el Raval,11,26052
11,2019,1,Ciutat Vella,1,el Raval,12,30749
12,2019,1,Ciutat Vella,1,el Raval,13,35034
13,2019,1,Ciutat Vella,1,el Raval,14,31091
14,2019,1,Ciutat Vella,1,el Raval,15,32619
15,2019,1,Ciutat Vella,1,el Raval,16,34721
16,2019,1,Ciutat Vella,1,el Raval,17,31997
17,2019,1,Ciutat Vella,1,el Raval,18,31472
18,2019,1,Ciutat Vella,1,el Raval,19,30211
19,2019,1,Ciutat Vella,1,el Raval,20,43452
20,2019,1,Ciutat Vella,1,el Raval,21,37487
21,2019,1,Ciutat Vella,2,el Gòtic,22,49085
22,2019,1,Ciutat Vella,2,el Gòtic,23,41560
23,2019,1,Ciutat Vella,2,el Gòtic,25,37638
24,2019,1,Ciutat Vella,2,el Gòtic,26,40613
25,2019,1,Ciutat Vella,2,el Gòtic,27,35635
26,2019,1,Ciutat Vella,2,el Gòtic,28,35924
27,2019,1,Ciutat Vella,2,el Gòtic,29,31995
28,2019,1,Ciutat Vella,2,el Gòtic,30,35300
29,2019,1,Ciutat Vella,2,el Gòtic,31,34389
30,2019,1,Ciutat Vella,3,la Barceloneta,32,35213
31,2019,1,Ciutat Vella,3,la Barceloneta,33,30472
32,2019,1,Ciutat Vella,3,la Barceloneta,34,29003
33,2019,1,Ciutat Vella,3,la Barceloneta,35,29463
34,2019,1,Ciutat Vella,3,la Barceloneta,36,37765
35,2019,1,Ciutat Vella,3,la Barceloneta,37,36368
36,2019,1,Ciutat Vella,3,la Barceloneta,38,29734
37,2019,1,Ciutat Vella,3,la Barceloneta,39,34025
38,2019,1,Ciutat Vella,3,la Barceloneta,40,33746
39,2019,1,Ciutat Vella,3,la Barceloneta,41,28177
40,2019,1,Ciutat Vella,3,la Barceloneta,42,35735
41,2019,1,Ciutat Vella,4,"Sant Pere, Santa Caterina i la Ribera",43,48640
42,2019,1,Ciutat Vella,4,"Sant Pere, Santa Caterina i la Ribera",44,46029
43,2019,1,Ciutat Vella,4,"Sant Pere, Santa Caterina i la Ribera",45,35387
44,2019,1,Ciutat Vella,4,"Sant Pere, Santa Caterina i la Ribera",46,36400
45,2019,1,Ciutat Vella,4,"Sant Pere, Santa Caterina i la Ribera",47,32864
46,2019,1,Ciutat Vella,4,"Sant Pere, Santa Caterina i la Ribera",48,27281
47,2019,1,Ciutat Vella,4,"Sant Pere, Santa Caterina i la Ribera",49,44742
48,2019,1,Ciutat Vella,4,"Sant Pere, Santa Caterina i la Ribera",50,36705
49,2019,1,Ciutat Vella,4,"Sant Pere, Santa Caterina i la Ribera",51,30786
50,2019,1,Ciutat Vella,4,"Sant Pere, Santa Caterina i la Ribera",52,56350
51,2019,1,Ciutat Vella,4,"Sant Pere, Santa Caterina i la Ribera",53,29381
52,2019,1,Ciutat Vella,4,"Sant Pere, Santa Caterina i la Ribera",54,32921
53,2019,1,Ciutat Vella,4,"Sant Pere, Santa Caterina i la Ribera",55,46887
54,2019,2,Eixample,5,el Fort Pienc,1,53658
55,2019,2,Eixample,5,el Fort Pienc,2,51562
56,2019,2,Eixample,5,el Fort Pienc,3,55820
57,2019,2,Eixample,5,el Fort Pienc,4,48623
58,2019,2,Eixample,5,el Fort Pienc,5,56824
59,2019,2,Eixample,5,el Fort Pienc,6,61106
60,2019,2,Eixample,5,el Fort Pienc,7,58575
61,2019,2,Eixample,5,el Fort Pienc,8,59505
62,2019,2,Eixample,5,el Fort Pienc,9,58114
63,2019,2,Eixample,5,el Fort Pienc,10,53725
64,2019,2,Eixample,5,el Fort Pienc,11,53102
65,2019,2,Eixample,5,el Fort Pienc,12,44444
66,2019,2,Eixample,5,el Fort Pienc,13,41670
67,2019,2,Eixample,5,el Fort Pienc,14,42650
68,2019,2,Eixample,5,el Fort Pienc,15,44373
69,2019,2,Eixample,5,el Fort Pienc,16,57353
70,2019,2,Eixample,5,el Fort Pienc,17,61324
71,2019,2,Eixample,5,el Fort Pienc,18,59282
72,2019,2,Eixample,5,el Fort Pienc,19,51788
73,2019,2,Eixample,5,el Fort Pienc,20,44425
74,2019,2,Eixample,6,la Sagrada Família,21,49609
75,2019,2,Eixample,6,la Sagrada Família,22,52605
76,2019,2,Eixample,6,la Sagrada Família,23,49000
77,2019,2,Eixample,6,la Sagrada Família,24,47621
78,2019,2,Eixample,6,la Sagrada Família,25,43990
79,2019,2,Eixample,6,la Sagrada Família,26,52048
80,2019,2,Eixample,6,la Sagrada Família,27,52274
81,2019,2,Eixample,6,la Sagrada Família,28,51312
82,2019,2,Eixample,6,la Sagrada Família,29,49895
83,2019,2,Eixample,6,la Sagrada Família,30,39500
84,2019,2,Eixample,6,la Sagrada Família,31,56776
85,2019,2,Eixample,6,la Sagrada Família,32,52219
86,2019,2,Eixample,6,la Sagrada Família,33,48236
87,2019,2,Eixample,6,la Sagrada Família,34,42681
88,2019,2,Eixample,6,la Sagrada Família,35,53358
89,2019,2,Eixample,6,la Sagrada Família,36,57141
90,2019,2,Eixample,6,la Sagrada Família,37,59011
91,2019,2,Eixample,6,la Sagrada Família,38,58293
92,2019,2,Eixample,6,la Sagrada Família,39,49788
93,2019,2,Eixample,6,la Sagrada Família,40,43383
94,2019,2,Eixample,6,la Sagrada Família,41,47376
95,2019,2,Eixample,6,la Sagrada Família,42,59051
96,2019,2,Eixample,6,la Sagrada Família,43,57363
97,2019,2,Eixample,6,la Sagrada Família,44,46484
98,2019,2,Eixample,6,la Sagrada Família,45,58799
99,2019,2,Eixample,6,la Sagrada Família,46,47052
100,2019,2,Eixample,6,la Sagrada Família,47,52436
101,2019,2,Eixample,6,la Sagrada Família,48,50533
102,2019,2,Eixample,6,la Sagrada Família,49,45303
103,2019,2,Eixample,6,la Sagrada Família,50,46213
104,2019,2,Eixample,6,la Sagrada Família,51,44135
105,2019,2,Eixample,6,la Sagrada Família,52,49907
106,2019,2,Eixample,6,la Sagrada Família,53,50937
107,2019,2,Eixample,6,la Sagrada Família,54,54476
108,2019,2,Eixample,7,la Dreta de l'Eixample,55,56023
109,2019,2,Eixample,7,la Dreta de l'Eixample,56,55630
110,2019,2,Eixample,7,la Dreta de l'Eixample,57,74843
111,2019,2,Eixample,7,la Dreta de l'Eixample,58,63478
112,2019,2,Eixample,7,la Dreta de l'Eixample,59,71055
113,2019,2,Eixample,7,la Dreta de l'Eixample,60,59514
114,2019,2,Eixample,7,la Dreta de l'Eixample,61,53369
115,2019,2,Eixample,7,la Dreta de l'Eixample,62,67316
116,2019,2,Eixample,7,la Dreta de l'Eixample,63,94783
117,2019,2,Eixample,7,la Dreta de l'Eixample,64,78622
118,2019,2,Eixample,7,la Dreta de l'Eixample,65,62952
119,2019,2,Eixample,7,la Dreta de l'Eixample,66,59611
120,2019,2,Eixample,7,la Dreta de l'Eixample,67,49978
121,2019,2,Eixample,7,la Dreta de l'Eixample,68,54097
122,2019,2,Eixample,7,la Dreta de l'Eixample,69,66125
123,2019,2,Eixample,7,la Dreta de l'Eixample,70,72225
124,2019,2,Eixample,7,la Dreta de l'Eixample,71,75442
125,2019,2,Eixample,7,la Dreta de l'Eixample,72,81830
126,2019,2,Eixample,7,la Dreta de l'Eixample,73,77036
127,2019,2,Eixample,7,la Dreta de l'Eixample,74,77446
128,2019,2,Eixample,7,la Dreta de l'Eixample,75,67468
129,2019,2,Eixample,7,la Dreta de l'Eixample,76,83427
130,2019,2,Eixample,7,la Dreta de l'Eixample,77,68090
131,2019,2,Eixample,7,la Dreta de l'Eixample,78,93649
132,2019,2,Eixample,7,la Dreta de l'Eixample,79,81889
133,2019,2,Eixample,7,la Dreta de l'Eixample,80,82752
134,2019,2,Eixample,7,la Dreta de l'Eixample,81,84563
135,2019,2,Eixample,7,la Dreta de l'Eixample,82,71322
136,2019,2,Eixample,7,la Dreta de l'Eixample,83,91224
137,2019,2,Eixample,8,l'Antiga Esquerra de l'Eixample,84,63482
138,2019,2,Eixample,8,l'Antiga Esquerra de l'Eixample,85,64261
139,2019,2,Eixample,8,l'Antiga Esquerra de l'Eixample,86,73186
140,2019,2,Eixample,8,l'Antiga Esquerra de l'Eixample,87,63127
141,2019,2,Eixample,8,l'Antiga Esquerra de l'Eixample,88,69466
142,2019,2,Eixample,8,l'Antiga Esquerra de l'Eixample,89,61969
143,2019,2,Eixample,8,l'Antiga Esquerra de l'Eixample,90,56885
144,2019,2,Eixample,8,l'Antiga Esquerra de l'Eixample,91,60430
145,2019,2,Eixample,8,l'Antiga Esquerra de l'Eixample,92,55888
146,2019,2,Eixample,8,l'Antiga Esquerra de l'Eixample,93,62513
147,2019,2,Eixample,8,l'Antiga Esquerra de l'Eixample,94,60364
148,2019,2,Eixample,8,l'Antiga Esquerra de l'Eixample,95,59081
149,2019,2,Eixample,8,l'Antiga Esquerra de l'Eixample,96,55513
150,2019,2,Eixample,8,l'Antiga Esquerra de l'Eixample,97,50982
151,2019,2,Eixample,8,l'Antiga Esquerra de l'Eixample,98,57080
152,2019,2,Eixample,8,l'Antiga Esquerra de l'Eixample,99,68848
153,2019,2,Eixample,8,l'Antiga Esquerra de l'Eixample,100,57488
154,2019,2,Eixample,8,l'Antiga Esquerra de l'Eixample,101,58615
155,2019,2,Eixample,8,l'Antiga Esquerra de l'Eixample,102,70861
156,2019,2,Eixample,8,l'Antiga Esquerra de l'Eixample,103,48380
157,2019,2,Eixample,8,l'Antiga Esquerra de l'Eixample,104,65497
158,2019,2,Eixample,8,l'Antiga Esquerra de l'Eixample,105,51884
159,2019,2,Eixample,8,l'Antiga Esquerra de l'Eixample,106,70932
160,2019,2,Eixample,8,l'Antiga Esquerra de l'Eixample,107,68846
161,2019,2,Eixample,8,l'Antiga Esquerra de l'Eixample,108,75196
162,2019,2,Eixample,8,l'Antiga Esquerra de l'Eixample,109,78269
163,2019,2,Eixample,9,la Nova Esquerra de l'Eixample,110,56542
164,2019,2,Eixample,9,la Nova Esquerra de l'Eixample,111,59031
165,2019,2,Eixample,9,la Nova Esquerra de l'Eixample,112,76211
166,2019,2,Eixample,9,la Nova Esquerra de l'Eixample,113,75597
167,2019,2,Eixample,9,la Nova Esquerra de l'Eixample,114,54010
168,2019,2,Eixample,9,la Nova Esquerra de l'Eixample,115,50169
169,2019,2,Eixample,9,la Nova Esquerra de l'Eixample,116,72369
170,2019,2,Eixample,9,la Nova Esquerra de l'Eixample,117,56547
171,2019,2,Eixample,9,la Nova Esquerra de l'Eixample,118,67104
172,2019,2,Eixample,9,la Nova Esquerra de l'Eixample,119,59415
173,2019,2,Eixample,9,la Nova Esquerra de l'Eixample,120,53675
174,2019,2,Eixample,9,la Nova Esquerra de l'Eixample,121,55276
175,2019,2,Eixample,9,la Nova Esquerra de l'Eixample,122,66555
176,2019,2,Eixample,9,la Nova Esquerra de l'Eixample,123,51424
177,2019,2,Eixample,9,la Nova Esquerra de l'Eixample,124,60123
178,2019,2,Eixample,9,la Nova Esquerra de l'Eixample,125,57566
179,2019,2,Eixample,9,la Nova Esquerra de l'Eixample,126,61415
180,2019,2,Eixample,9,la Nova Esquerra de l'Eixample,127,51129
181,2019,2,Eixample,9,la Nova Esquerra de l'Eixample,128,50671
182,2019,2,Eixample,9,la Nova Esquerra de l'Eixample,129,55919
183,2019,2,Eixample,9,la Nova Esquerra de l'Eixample,130,91009
184,2019,2,Eixample,9,la Nova Esquerra de l'Eixample,131,50509
185,2019,2,Eixample,9,la Nova Esquerra de l'Eixample,132,59652
186,2019,2,Eixample,9,la Nova Esquerra de l'Eixample,133,54853
187,2019,2,Eixample,9,la Nova Esquerra de l'Eixample,134,49816
188,2019,2,Eixample,9,la Nova Esquerra de l'Eixample,135,47952
189,2019,2,Eixample,9,la Nova Esquerra de l'Eixample,136,54059
190,2019,2,Eixample,9,la Nova Esquerra de l'Eixample,137,49182
191,2019,2,Eixample,9,la Nova Esquerra de l'Eixample,138,61057
192,2019,2,Eixample,9,la Nova Esquerra de l'Eixample,139,47564
193,2019,2,Eixample,9,la Nova Esquerra de l'Eixample,140,53252
194,2019,2,Eixample,9,la Nova Esquerra de l'Eixample,141,51487
195,2019,2,Eixample,9,la Nova Esquerra de l'Eixample,142,46703
196,2019,2,Eixample,9,la Nova Esquerra de l'Eixample,143,59157
197,2019,2,Eixample,9,la Nova Esquerra de l'Eixample,144,64869
198,2019,2,Eixample,9,la Nova Esquerra de l'Eixample,145,56433
199,2019,2,Eixample,9,la Nova Esquerra de l'Eixample,146,54281
200,2019,2,Eixample,9,la Nova Esquerra de l'Eixample,147,54178
201,2019,2,Eixample,9,la Nova Esquerra de l'Eixample,148,53382
202,2019,2,Eixample,9,la Nova Esquerra de l'Eixample,149,53874
203,2019,2,Eixample,10,Sant Antoni,150,48868
204,2019,2,Eixample,10,Sant Antoni,151,51970
205,2019,2,Eixample,10,Sant Antoni,152,57665
206,2019,2,Eixample,10,Sant Antoni,153,54463
207,2019,2,Eixample,10,Sant Antoni,154,45520
208,2019,2,Eixample,10,Sant Antoni,155,46699
209,2019,2,Eixample,10,Sant Antoni,156,50954
210,2019,2,Eixample,10,Sant Antoni,157,47418
211,2019,2,Eixample,10,Sant Antoni,158,50727
212,2019,2,Eixample,10,Sant Antoni,159,55350
213,2019,2,Eixample,10,Sant Antoni,160,56627
214,2019,2,Eixample,10,Sant Antoni,161,52365
215,2019,2,Eixample,10,Sant Antoni,162,44893
216,2019,2,Eixample,10,Sant Antoni,163,55011
217,2019,2,Eixample,10,Sant Antoni,164,52134
218,2019,2,Eixample,10,Sant Antoni,165,53486
219,2019,2,Eixample,10,Sant Antoni,166,47838
220,2019,2,Eixample,10,Sant Antoni,167,53062
221,2019,2,Eixample,10,Sant Antoni,168,48759
222,2019,2,Eixample,10,Sant Antoni,169,47025
223,2019,2,Eixample,10,Sant Antoni,170,48079
224,2019,2,Eixample,10,Sant Antoni,171,42742
225,2019,2,Eixample,10,Sant Antoni,172,43605
226,2019,2,Eixample,10,Sant Antoni,173,47454
227,2019,3,Sants-Montjuïc,11,el Poble Sec,1,42194
228,2019,3,Sants-Montjuïc,11,el Poble Sec,2,35314
229,2019,3,Sants-Montjuïc,11,el Poble Sec,3,35262
230,2019,3,Sants-Montjuïc,11,el Poble Sec,4,41662
231,2019,3,Sants-Montjuïc,11,el Poble Sec,5,34370
232,2019,3,Sants-Montjuïc,11,el Poble Sec,6,40770
233,2019,3,Sants-Montjuïc,11,el Poble Sec,7,37840
234,2019,3,Sants-Montjuïc,11,el Poble Sec,8,35187
235,2019,3,Sants-Montjuïc,11,el Poble Sec,9,40327
236,2019,3,Sants-Montjuïc,11,el Poble Sec,10,38602
237,2019,3,Sants-Montjuïc,11,el Poble Sec,11,31110
238,2019,3,Sants-Montjuïc,11,el Poble Sec,12,37955
239,2019,3,Sants-Montjuïc,11,el Poble Sec,13,35746
240,2019,3,Sants-Montjuïc,11,el Poble Sec,14,34441
241,2019,3,Sants-Montjuïc,11,el Poble Sec,15,36453
242,2019,3,Sants-Montjuïc,11,el Poble Sec,16,35875
243,2019,3,Sants-Montjuïc,11,el Poble Sec,17,35425
244,2019,3,Sants-Montjuïc,11,el Poble Sec,18,39347
245,2019,3,Sants-Montjuïc,11,el Poble Sec,19,37258
246,2019,3,Sants-Montjuïc,11,el Poble Sec,20,44912
247,2019,3,Sants-Montjuïc,11,el Poble Sec,21,42333
248,2019,3,Sants-Montjuïc,11,el Poble Sec,22,39937
249,2019,3,Sants-Montjuïc,11,el Poble Sec,23,36185
250,2019,3,Sants-Montjuïc,11,el Poble Sec,24,38641
251,2019,3,Sants-Montjuïc,12,la Marina del Prat Vermell,25,28417
252,2019,3,Sants-Montjuïc,13,la Marina de Port,26,38246
253,2019,3,Sants-Montjuïc,13,la Marina de Port,27,39973
254,2019,3,Sants-Montjuïc,13,la Marina de Port,28,49361
255,2019,3,Sants-Montjuïc,13,la Marina de Port,29,37354
256,2019,3,Sants-Montjuïc,13,la Marina de Port,30,40336
257,2019,3,Sants-Montjuïc,13,la Marina de Port,31,38208
258,2019,3,Sants-Montjuïc,13,la Marina de Port,32,33946
259,2019,3,Sants-Montjuïc,13,la Marina de Port,33,30739
260,2019,3,Sants-Montjuïc,13,la Marina de Port,34,40816
261,2019,3,Sants-Montjuïc,13,la Marina de Port,35,43391
262,2019,3,Sants-Montjuïc,13,la Marina de Port,36,46191
263,2019,3,Sants-Montjuïc,13,la Marina de Port,37,45487
264,2019,3,Sants-Montjuïc,13,la Marina de Port,38,31145
265,2019,3,Sants-Montjuïc,13,la Marina de Port,39,30425
266,2019,3,Sants-Montjuïc,14,la Font de la Guatlla,40,48674
267,2019,3,Sants-Montjuïc,14,la Font de la Guatlla,41,43465
268,2019,3,Sants-Montjuïc,14,la Font de la Guatlla,42,42013
269,2019,3,Sants-Montjuïc,14,la Font de la Guatlla,43,44725
270,2019,3,Sants-Montjuïc,14,la Font de la Guatlla,44,41708
271,2019,3,Sants-Montjuïc,14,la Font de la Guatlla,45,41690
272,2019,3,Sants-Montjuïc,14,la Font de la Guatlla,46,55798
273,2019,3,Sants-Montjuïc,15,Hostafrancs,47,41125
274,2019,3,Sants-Montjuïc,15,Hostafrancs,48,50048
275,2019,3,Sants-Montjuïc,15,Hostafrancs,49,45995
276,2019,3,Sants-Montjuïc,15,Hostafrancs,50,46475
277,2019,3,Sants-Montjuïc,15,Hostafrancs,51,41160
278,2019,3,Sants-Montjuïc,15,Hostafrancs,52,40858
279,2019,3,Sants-Montjuïc,15,Hostafrancs,53,41466
280,2019,3,Sants-Montjuïc,15,Hostafrancs,54,47695
281,2019,3,Sants-Montjuïc,15,Hostafrancs,55,44522
282,2019,3,Sants-Montjuïc,15,Hostafrancs,56,41978
283,2019,3,Sants-Montjuïc,16,la Bordeta,57,40049
284,2019,3,Sants-Montjuïc,16,la Bordeta,58,59281
285,2019,3,Sants-Montjuïc,16,la Bordeta,59,39882
286,2019,3,Sants-Montjuïc,16,la Bordeta,60,47936
287,2019,3,Sants-Montjuïc,16,la Bordeta,61,37560
288,2019,3,Sants-Montjuïc,16,la Bordeta,62,40544
289,2019,3,Sants-Montjuïc,16,la Bordeta,63,44229
290,2019,3,Sants-Montjuïc,16,la Bordeta,64,48418
291,2019,3,Sants-Montjuïc,16,la Bordeta,65,50598
292,2019,3,Sants-Montjuïc,16,la Bordeta,66,44524
293,2019,3,Sants-Montjuïc,16,la Bordeta,67,46868
294,2019,3,Sants-Montjuïc,16,la Bordeta,68,37672
295,2019,3,Sants-Montjuïc,16,la Bordeta,69,49538
296,2019,3,Sants-Montjuïc,17,Sants - Badal,70,39131
297,2019,3,Sants-Montjuïc,17,Sants - Badal,71,36264
298,2019,3,Sants-Montjuïc,17,Sants - Badal,72,38209
299,2019,3,Sants-Montjuïc,17,Sants - Badal,73,47529
300,2019,3,Sants-Montjuïc,17,Sants - Badal,74,42894
301,2019,3,Sants-Montjuïc,17,Sants - Badal,75,43274
302,2019,3,Sants-Montjuïc,17,Sants - Badal,76,37883
303,2019,3,Sants-Montjuïc,17,Sants - Badal,77,40755
304,2019,3,Sants-Montjuïc,17,Sants - Badal,78,43030
305,2019,3,Sants-Montjuïc,17,Sants - Badal,79,38861
306,2019,3,Sants-Montjuïc,17,Sants - Badal,80,43761
307,2019,3,Sants-Montjuïc,17,Sants - Badal,81,46022
308,2019,3,Sants-Montjuïc,17,Sants - Badal,82,51558
309,2019,3,Sants-Montjuïc,17,Sants - Badal,83,49711
310,2019,3,Sants-Montjuïc,17,Sants - Badal,84,47211
311,2019,3,Sants-Montjuïc,17,Sants - Badal,85,47697
312,2019,3,Sants-Montjuïc,18,Sants,86,59134
313,2019,3,Sants-Montjuïc,18,Sants,87,56258
314,2019,3,Sants-Montjuïc,18,Sants,88,45796
315,2019,3,Sants-Montjuïc,18,Sants,89,51780
316,2019,3,Sants-Montjuïc,18,Sants,90,58327
317,2019,3,Sants-Montjuïc,18,Sants,91,55563
318,2019,3,Sants-Montjuïc,18,Sants,92,49297
319,2019,3,Sants-Montjuïc,18,Sants,93,51877
320,2019,3,Sants-Montjuïc,18,Sants,94,47560
321,2019,3,Sants-Montjuïc,18,Sants,95,45172
322,2019,3,Sants-Montjuïc,18,Sants,96,42952
323,2019,3,Sants-Montjuïc,18,Sants,97,33763
324,2019,3,Sants-Montjuïc,18,Sants,98,40271
325,2019,3,Sants-Montjuïc,18,Sants,99,41674
326,2019,3,Sants-Montjuïc,18,Sants,100,41824
327,2019,3,Sants-Montjuïc,18,Sants,101,41552
328,2019,3,Sants-Montjuïc,18,Sants,102,44861
329,2019,3,Sants-Montjuïc,18,Sants,103,42490
330,2019,3,Sants-Montjuïc,18,Sants,104,42623
331,2019,3,Sants-Montjuïc,18,Sants,105,41463
332,2019,3,Sants-Montjuïc,18,Sants,106,44056
333,2019,3,Sants-Montjuïc,18,Sants,107,47568
334,2019,3,Sants-Montjuïc,18,Sants,108,46412
335,2019,3,Sants-Montjuïc,18,Sants,109,49350
336,2019,3,Sants-Montjuïc,18,Sants,110,45397
337,2019,3,Sants-Montjuïc,18,Sants,111,46499
338,2019,3,Sants-Montjuïc,18,Sants,112,58510
339,2019,3,Sants-Montjuïc,18,Sants,113,63544
340,2019,3,Sants-Montjuïc,18,Sants,114,61054
341,2019,3,Sants-Montjuïc,13,la Marina de Port,211,49007
342,2019,3,Sants-Montjuïc,13,la Marina de Port,212,37501
343,2019,3,Sants-Montjuïc,13,la Marina de Port,213,35283
344,2019,4,Les Corts,19,les Corts,1,58216
345,2019,4,Les Corts,19,les Corts,2,70650
346,2019,4,Les Corts,19,les Corts,3,62357
347,2019,4,Les Corts,19,les Corts,4,56982
348,2019,4,Les Corts,19,les Corts,5,52902
349,2019,4,Les Corts,19,les Corts,6,57761
350,2019,4,Les Corts,19,les Corts,7,45281
351,2019,4,Les Corts,19,les Corts,8,45994
352,2019,4,Les Corts,19,les Corts,9,56578
353,2019,4,Les Corts,19,les Corts,10,70551
354,2019,4,Les Corts,19,les Corts,11,70384
355,2019,4,Les Corts,19,les Corts,12,63348
356,2019,4,Les Corts,19,les Corts,13,70449
357,2019,4,Les Corts,19,les Corts,14,73265
358,2019,4,Les Corts,19,les Corts,15,65192
359,2019,4,Les Corts,19,les Corts,16,66843
360,2019,4,Les Corts,19,les Corts,17,68969
361,2019,4,Les Corts,19,les Corts,18,68064
362,2019,4,Les Corts,19,les Corts,19,102414
363,2019,4,Les Corts,19,les Corts,20,71360
364,2019,4,Les Corts,19,les Corts,21,84564
365,2019,4,Les Corts,19,les Corts,22,65402
366,2019,4,Les Corts,19,les Corts,23,129750
367,2019,4,Les Corts,19,les Corts,24,129750
368,2019,4,Les Corts,19,les Corts,25,57578
369,2019,4,Les Corts,19,les Corts,26,64059
370,2019,4,Les Corts,19,les Corts,27,66245
371,2019,4,Les Corts,19,les Corts,28,56737
372,2019,4,Les Corts,19,les Corts,29,78911
373,2019,4,Les Corts,19,les Corts,30,70779
374,2019,4,Les Corts,19,les Corts,31,55651
375,2019,4,Les Corts,19,les Corts,32,56133
376,2019,4,Les Corts,19,les Corts,33,54020
377,2019,4,Les Corts,19,les Corts,34,76689
378,2019,4,Les Corts,19,les Corts,35,64309
379,2019,4,Les Corts,20,la Maternitat i Sant Ramon,36,51843
380,2019,4,Les Corts,20,la Maternitat i Sant Ramon,37,59959
381,2019,4,Les Corts,20,la Maternitat i Sant Ramon,38,62410
382,2019,4,Les Corts,20,la Maternitat i Sant Ramon,39,51071
383,2019,4,Les Corts,20,la Maternitat i Sant Ramon,40,44191
384,2019,4,Les Corts,20,la Maternitat i Sant Ramon,41,43839
385,2019,4,Les Corts,20,la Maternitat i Sant Ramon,42,44322
386,2019,4,Les Corts,20,la Maternitat i Sant Ramon,43,71862
387,2019,4,Les Corts,20,la Maternitat i Sant Ramon,44,55078
388,2019,4,Les Corts,20,la Maternitat i Sant Ramon,45,51577
389,2019,4,Les Corts,20,la Maternitat i Sant Ramon,46,86046
390,2019,4,Les Corts,20,la Maternitat i Sant Ramon,47,68249
391,2019,4,Les Corts,20,la Maternitat i Sant Ramon,48,69332
392,2019,4,Les Corts,20,la Maternitat i Sant Ramon,49,101815
393,2019,4,Les Corts,21,Pedralbes,50,129750
394,2019,4,Les Corts,21,Pedralbes,51,73756
395,2019,4,Les Corts,21,Pedralbes,52,129750
396,2019,4,Les Corts,21,Pedralbes,53,79881
397,2019,4,Les Corts,21,Pedralbes,54,109036
398,2019,4,Les Corts,21,Pedralbes,55,129750
399,2019,4,Les Corts,21,Pedralbes,56,129750
400,2019,4,Les Corts,20,la Maternitat i Sant Ramon,84,74201
401,2019,5,Sarrià-Sant Gervasi,22,"Vallvidrera, el Tibidabo i les Planes",1,53620
402,2019,5,Sarrià-Sant Gervasi,22,"Vallvidrera, el Tibidabo i les Planes",2,99264
403,2019,5,Sarrià-Sant Gervasi,22,"Vallvidrera, el Tibidabo i les Planes",3,108775
404,2019,5,Sarrià-Sant Gervasi,23,Sarrià,4,129750
405,2019,5,Sarrià-Sant Gervasi,23,Sarrià,5,125194
406,2019,5,Sarrià-Sant Gervasi,23,Sarrià,6,129750
407,2019,5,Sarrià-Sant Gervasi,23,Sarrià,7,116854
408,2019,5,Sarrià-Sant Gervasi,23,Sarrià,8,128206
409,2019,5,Sarrià-Sant Gervasi,23,Sarrià,9,87560
410,2019,5,Sarrià-Sant Gervasi,23,Sarrià,10,78249
411,2019,5,Sarrià-Sant Gervasi,23,Sarrià,11,91442
412,2019,5,Sarrià-Sant Gervasi,23,Sarrià,12,70078
413,2019,5,Sarrià-Sant Gervasi,23,Sarrià,13,83607
414,2019,5,Sarrià-Sant Gervasi,23,Sarrià,14,98691
415,2019,5,Sarrià-Sant Gervasi,23,Sarrià,15,86692
416,2019,5,Sarrià-Sant Gervasi,23,Sarrià,16,69801
417,2019,5,Sarrià-Sant Gervasi,23,Sarrià,17,129750
418,2019,5,Sarrià-Sant Gervasi,23,Sarrià,18,85049
419,2019,5,Sarrià-Sant Gervasi,23,Sarrià,19,124439
420,2019,5,Sarrià-Sant Gervasi,24,les Tres Torres,20,101887
421,2019,5,Sarrià-Sant Gervasi,24,les Tres Torres,21,129750
422,2019,5,Sarrià-Sant Gervasi,24,les Tres Torres,22,129750
423,2019,5,Sarrià-Sant Gervasi,24,les Tres Torres,23,69515
424,2019,5,Sarrià-Sant Gervasi,24,les Tres Torres,24,129750
425,2019,5,Sarrià-Sant Gervasi,24,les Tres Torres,25,129750
426,2019,5,Sarrià-Sant Gervasi,24,les Tres Torres,26,129750
427,2019,5,Sarrià-Sant Gervasi,24,les Tres Torres,27,129750
428,2019,5,Sarrià-Sant Gervasi,24,les Tres Torres,28,129750
429,2019,5,Sarrià-Sant Gervasi,24,les Tres Torres,29,129750
430,2019,5,Sarrià-Sant Gervasi,24,les Tres Torres,30,129750
431,2019,5,Sarrià-Sant Gervasi,25,Sant Gervasi - la Bonanova,31,129750
432,2019,5,Sarrià-Sant Gervasi,25,Sant Gervasi - la Bonanova,32,129750
433,2019,5,Sarrià-Sant Gervasi,25,Sant Gervasi - la Bonanova,33,129400
434,2019,5,Sarrià-Sant Gervasi,25,Sant Gervasi - la Bonanova,34,89106
435,2019,5,Sarrià-Sant Gervasi,25,Sant Gervasi - la Bonanova,35,129750
436,2019,5,Sarrià-Sant Gervasi,25,Sant Gervasi - la Bonanova,36,129412
437,2019,5,Sarrià-Sant Gervasi,25,Sant Gervasi - la Bonanova,37,80278
438,2019,5,Sarrià-Sant Gervasi,25,Sant Gervasi - la Bonanova,38,65438
439,2019,5,Sarrià-Sant Gervasi,25,Sant Gervasi - la Bonanova,39,113575
440,2019,5,Sarrià-Sant Gervasi,25,Sant Gervasi - la Bonanova,40,71267
441,2019,5,Sarrià-Sant Gervasi,25,Sant Gervasi - la Bonanova,41,79261
442,2019,5,Sarrià-Sant Gervasi,25,Sant Gervasi - la Bonanova,42,69736
443,2019,5,Sarrià-Sant Gervasi,25,Sant Gervasi - la Bonanova,43,74454
444,2019,5,Sarrià-Sant Gervasi,25,Sant Gervasi - la Bonanova,44,70505
445,2019,5,Sarrià-Sant Gervasi,25,Sant Gervasi - la Bonanova,45,112396
446,2019,5,Sarrià-Sant Gervasi,25,Sant Gervasi - la Bonanova,46,129750
447,2019,5,Sarrià-Sant Gervasi,25,Sant Gervasi - la Bonanova,47,116722
448,2019,5,Sarrià-Sant Gervasi,25,Sant Gervasi - la Bonanova,48,107379
449,2019,5,Sarrià-Sant Gervasi,26,Sant Gervasi - Galvany,49,129750
450,2019,5,Sarrià-Sant Gervasi,26,Sant Gervasi - Galvany,50,88650
451,2019,5,Sarrià-Sant Gervasi,26,Sant Gervasi - Galvany,51,120661
452,2019,5,Sarrià-Sant Gervasi,26,Sant Gervasi - Galvany,52,129750
453,2019,5,Sarrià-Sant Gervasi,26,Sant Gervasi - Galvany,53,129750
454,2019,5,Sarrià-Sant Gervasi,26,Sant Gervasi - Galvany,54,129750
455,2019,5,Sarrià-Sant Gervasi,26,Sant Gervasi - Galvany,55,129750
456,2019,5,Sarrià-Sant Gervasi,26,Sant Gervasi - Galvany,56,110629
457,2019,5,Sarrià-Sant Gervasi,26,Sant Gervasi - Galvany,57,129342
458,2019,5,Sarrià-Sant Gervasi,26,Sant Gervasi - Galvany,58,129750
459,2019,5,Sarrià-Sant Gervasi,26,Sant Gervasi - Galvany,59,107106
460,2019,5,Sarrià-Sant Gervasi,26,Sant Gervasi - Galvany,60,129750
461,2019,5,Sarrià-Sant Gervasi,26,Sant Gervasi - Galvany,61,69697
462,2019,5,Sarrià-Sant Gervasi,26,Sant Gervasi - Galvany,62,102542
463,2019,5,Sarrià-Sant Gervasi,26,Sant Gervasi - Galvany,63,105638
464,2019,5,Sarrià-Sant Gervasi,26,Sant Gervasi - Galvany,64,81178
465,2019,5,Sarrià-Sant Gervasi,26,Sant Gervasi - Galvany,65,79122
466,2019,5,Sarrià-Sant Gervasi,26,Sant Gervasi - Galvany,66,103154
467,2019,5,Sarrià-Sant Gervasi,26,Sant Gervasi - Galvany,67,99852
468,2019,5,Sarrià-Sant Gervasi,26,Sant Gervasi - Galvany,68,75328
469,2019,5,Sarrià-Sant Gervasi,26,Sant Gervasi - Galvany,69,84787
470,2019,5,Sarrià-Sant Gervasi,26,Sant Gervasi - Galvany,70,77011
471,2019,5,Sarrià-Sant Gervasi,26,Sant Gervasi - Galvany,71,67384
472,2019,5,Sarrià-Sant Gervasi,26,Sant Gervasi - Galvany,72,93595
473,2019,5,Sarrià-Sant Gervasi,26,Sant Gervasi - Galvany,73,72584
474,2019,5,Sarrià-Sant Gervasi,26,Sant Gervasi - Galvany,74,88907
475,2019,5,Sarrià-Sant Gervasi,26,Sant Gervasi - Galvany,75,78401
476,2019,5,Sarrià-Sant Gervasi,26,Sant Gervasi - Galvany,76,82176
477,2019,5,Sarrià-Sant Gervasi,26,Sant Gervasi - Galvany,77,107566
478,2019,5,Sarrià-Sant Gervasi,26,Sant Gervasi - Galvany,78,100453
479,2019,5,Sarrià-Sant Gervasi,26,Sant Gervasi - Galvany,79,86908
480,2019,5,Sarrià-Sant Gervasi,27,el Putget i Farró,80,66580
481,2019,5,Sarrià-Sant Gervasi,27,el Putget i Farró,81,75058
482,2019,5,Sarrià-Sant Gervasi,27,el Putget i Farró,82,60473
483,2019,5,Sarrià-Sant Gervasi,27,el Putget i Farró,83,62256
484,2019,5,Sarrià-Sant Gervasi,27,el Putget i Farró,84,70778
485,2019,5,Sarrià-Sant Gervasi,27,el Putget i Farró,85,56447
486,2019,5,Sarrià-Sant Gervasi,27,el Putget i Farró,86,61155
487,2019,5,Sarrià-Sant Gervasi,27,el Putget i Farró,87,66416
488,2019,5,Sarrià-Sant Gervasi,27,el Putget i Farró,88,74056
489,2019,5,Sarrià-Sant Gervasi,27,el Putget i Farró,89,74510
490,2019,5,Sarrià-Sant Gervasi,27,el Putget i Farró,90,65022
491,2019,5,Sarrià-Sant Gervasi,27,el Putget i Farró,91,66049
492,2019,5,Sarrià-Sant Gervasi,27,el Putget i Farró,92,116997
493,2019,5,Sarrià-Sant Gervasi,27,el Putget i Farró,93,78860
494,2019,5,Sarrià-Sant Gervasi,27,el Putget i Farró,94,91249
495,2019,5,Sarrià-Sant Gervasi,27,el Putget i Farró,95,64089
496,2019,5,Sarrià-Sant Gervasi,27,el Putget i Farró,96,58008
497,2019,5,Sarrià-Sant Gervasi,27,el Putget i Farró,97,78010
498,2019,5,Sarrià-Sant Gervasi,27,el Putget i Farró,98,61594
499,2019,6,Gràcia,28,Vallcarca i els Penitents,1,52735
500,2019,6,Gràcia,28,Vallcarca i els Penitents,2,49173
501,2019,6,Gràcia,28,Vallcarca i els Penitents,3,48203
502,2019,6,Gràcia,28,Vallcarca i els Penitents,4,55784
503,2019,6,Gràcia,28,Vallcarca i els Penitents,6,75540
504,2019,6,Gràcia,28,Vallcarca i els Penitents,7,62820
505,2019,6,Gràcia,28,Vallcarca i els Penitents,8,52902
506,2019,6,Gràcia,28,Vallcarca i els Penitents,9,82668
507,2019,6,Gràcia,28,Vallcarca i els Penitents,10,66934
508,2019,6,Gràcia,28,Vallcarca i els Penitents,11,63628
509,2019,6,Gràcia,28,Vallcarca i els Penitents,12,73274
510,2019,6,Gràcia,29,el Coll,13,54637
511,2019,6,Gràcia,29,el Coll,14,51168
512,2019,6,Gràcia,29,el Coll,15,42708
513,2019,6,Gràcia,29,el Coll,16,41042
514,2019,6,Gràcia,29,el Coll,17,42686
515,2019,6,Gràcia,30,la Salut,18,47465
516,2019,6,Gràcia,30,la Salut,19,49910
517,2019,6,Gràcia,30,la Salut,20,48997
518,2019,6,Gràcia,30,la Salut,21,61959
519,2019,6,Gràcia,30,la Salut,22,56785
520,2019,6,Gràcia,30,la Salut,23,81459
521,2019,6,Gràcia,30,la Salut,24,54069
522,2019,6,Gràcia,30,la Salut,25,60078
523,2019,6,Gràcia,30,la Salut,26,51517
524,2019,6,Gràcia,30,la Salut,27,61168
525,2019,6,Gràcia,31,Vila de Gràcia,28,47429
526,2019,6,Gràcia,31,Vila de Gràcia,29,49250
527,2019,6,Gràcia,31,Vila de Gràcia,30,45051
528,2019,6,Gràcia,31,Vila de Gràcia,31,48035
529,2019,6,Gràcia,31,Vila de Gràcia,32,47224
530,2019,6,Gràcia,31,Vila de Gràcia,33,46334
531,2019,6,Gràcia,31,Vila de Gràcia,34,47703
532,2019,6,Gràcia,31,Vila de Gràcia,35,64764
533,2019,6,Gràcia,31,Vila de Gràcia,36,59453
534,2019,6,Gràcia,31,Vila de Gràcia,37,56325
535,2019,6,Gràcia,31,Vila de Gràcia,38,49446
536,2019,6,Gràcia,31,Vila de Gràcia,39,43975
537,2019,6,Gràcia,31,Vila de Gràcia,40,57660
538,2019,6,Gràcia,31,Vila de Gràcia,41,60250
539,2019,6,Gràcia,31,Vila de Gràcia,42,65263
540,2019,6,Gràcia,31,Vila de Gràcia,43,64593
541,2019,6,Gràcia,31,Vila de Gràcia,44,69518
542,2019,6,Gràcia,31,Vila de Gràcia,45,49709
543,2019,6,Gràcia,31,Vila de Gràcia,46,47056
544,2019,6,Gràcia,31,Vila de Gràcia,47,40647
545,2019,6,Gràcia,31,Vila de Gràcia,48,46502
546,2019,6,Gràcia,31,Vila de Gràcia,49,50148
547,2019,6,Gràcia,31,Vila de Gràcia,50,42657
548,2019,6,Gràcia,31,Vila de Gràcia,51,48665
549,2019,6,Gràcia,31,Vila de Gràcia,52,44361
550,2019,6,Gràcia,31,Vila de Gràcia,53,49840
551,2019,6,Gràcia,31,Vila de Gràcia,54,46687
552,2019,6,Gràcia,31,Vila de Gràcia,55,49534
553,2019,6,Gràcia,31,Vila de Gràcia,56,39473
554,2019,6,Gràcia,31,Vila de Gràcia,57,41865
555,2019,6,Gràcia,31,Vila de Gràcia,58,47184
556,2019,6,Gràcia,31,Vila de Gràcia,59,45263
557,2019,6,Gràcia,31,Vila de Gràcia,60,47199
558,2019,6,Gràcia,31,Vila de Gràcia,61,46906
559,2019,6,Gràcia,31,Vila de Gràcia,62,45291
560,2019,6,Gràcia,31,Vila de Gràcia,63,44324
561,2019,6,Gràcia,32,el Camp d'en Grassot i Gràcia Nova,64,54470
562,2019,6,Gràcia,32,el Camp d'en Grassot i Gràcia Nova,65,64393
563,2019,6,Gràcia,32,el Camp d'en Grassot i Gràcia Nova,66,45004
564,2019,6,Gràcia,32,el Camp d'en Grassot i Gràcia Nova,67,49776
565,2019,6,Gràcia,32,el Camp d'en Grassot i Gràcia Nova,68,61490
566,2019,6,Gràcia,32,el Camp d'en Grassot i Gràcia Nova,69,55225
567,2019,6,Gràcia,32,el Camp d'en Grassot i Gràcia Nova,70,49142
568,2019,6,Gràcia,32,el Camp d'en Grassot i Gràcia Nova,71,55078
569,2019,6,Gràcia,32,el Camp d'en Grassot i Gràcia Nova,72,59981
570,2019,6,Gràcia,32,el Camp d'en Grassot i Gràcia Nova,73,49565
571,2019,6,Gràcia,32,el Camp d'en Grassot i Gràcia Nova,74,52692
572,2019,6,Gràcia,32,el Camp d'en Grassot i Gràcia Nova,75,64466
573,2019,6,Gràcia,32,el Camp d'en Grassot i Gràcia Nova,76,56553
574,2019,6,Gràcia,32,el Camp d'en Grassot i Gràcia Nova,77,48249
575,2019,6,Gràcia,32,el Camp d'en Grassot i Gràcia Nova,78,44833
576,2019,6,Gràcia,32,el Camp d'en Grassot i Gràcia Nova,79,49164
577,2019,6,Gràcia,32,el Camp d'en Grassot i Gràcia Nova,80,50645
578,2019,6,Gràcia,32,el Camp d'en Grassot i Gràcia Nova,81,50379
579,2019,6,Gràcia,32,el Camp d'en Grassot i Gràcia Nova,82,58572
580,2019,6,Gràcia,32,el Camp d'en Grassot i Gràcia Nova,83,60445
581,2019,6,Gràcia,32,el Camp d'en Grassot i Gràcia Nova,84,50878
582,2019,6,Gràcia,32,el Camp d'en Grassot i Gràcia Nova,85,56229
583,2019,6,Gràcia,32,el Camp d'en Grassot i Gràcia Nova,86,65234
584,2019,6,Gràcia,32,el Camp d'en Grassot i Gràcia Nova,87,67602
585,2019,6,Gràcia,32,el Camp d'en Grassot i Gràcia Nova,88,54607
586,2019,7,Horta-Guinardó,33,el Baix Guinardó,1,54577
587,2019,7,Horta-Guinardó,33,el Baix Guinardó,2,38007
588,2019,7,Horta-Guinardó,33,el Baix Guinardó,3,53403
589,2019,7,Horta-Guinardó,33,el Baix Guinardó,4,43934
590,2019,7,Horta-Guinardó,33,el Baix Guinardó,5,43594
591,2019,7,Horta-Guinardó,33,el Baix Guinardó,6,53939
592,2019,7,Horta-Guinardó,33,el Baix Guinardó,7,43445
593,2019,7,Horta-Guinardó,33,el Baix Guinardó,8,53683
594,2019,7,Horta-Guinardó,33,el Baix Guinardó,9,41787
595,2019,7,Horta-Guinardó,33,el Baix Guinardó,10,51459
596,2019,7,Horta-Guinardó,33,el Baix Guinardó,11,44463
597,2019,7,Horta-Guinardó,33,el Baix Guinardó,12,42545
598,2019,7,Horta-Guinardó,33,el Baix Guinardó,13,59916
599,2019,7,Horta-Guinardó,33,el Baix Guinardó,14,39823
600,2019,7,Horta-Guinardó,33,el Baix Guinardó,15,49969
601,2019,7,Horta-Guinardó,33,el Baix Guinardó,16,55888
602,2019,7,Horta-Guinardó,33,el Baix Guinardó,17,44473
603,2019,7,Horta-Guinardó,33,el Baix Guinardó,18,50327
604,2019,7,Horta-Guinardó,33,el Baix Guinardó,19,47339
605,2019,7,Horta-Guinardó,34,Can Baró,20,46245
606,2019,7,Horta-Guinardó,34,Can Baró,21,59416
607,2019,7,Horta-Guinardó,34,Can Baró,22,45655
608,2019,7,Horta-Guinardó,34,Can Baró,23,35304
609,2019,7,Horta-Guinardó,34,Can Baró,24,40430
610,2019,7,Horta-Guinardó,34,Can Baró,25,40630
611,2019,7,Horta-Guinardó,34,Can Baró,26,41657
612,2019,7,Horta-Guinardó,35,el Guinardó,27,44029
613,2019,7,Horta-Guinardó,35,el Guinardó,28,47183
614,2019,7,Horta-Guinardó,35,el Guinardó,29,48525
615,2019,7,Horta-Guinardó,35,el Guinardó,30,40087
616,2019,7,Horta-Guinardó,35,el Guinardó,31,40572
617,2019,7,Horta-Guinardó,35,el Guinardó,32,45854
618,2019,7,Horta-Guinardó,35,el Guinardó,33,48878
619,2019,7,Horta-Guinardó,35,el Guinardó,34,54803
620,2019,7,Horta-Guinardó,35,el Guinardó,35,53839
621,2019,7,Horta-Guinardó,35,el Guinardó,36,52386
622,2019,7,Horta-Guinardó,35,el Guinardó,37,46881
623,2019,7,Horta-Guinardó,35,el Guinardó,38,44289
624,2019,7,Horta-Guinardó,35,el Guinardó,39,51930
625,2019,7,Horta-Guinardó,35,el Guinardó,40,43162
626,2019,7,Horta-Guinardó,35,el Guinardó,41,42788
627,2019,7,Horta-Guinardó,35,el Guinardó,42,44510
628,2019,7,Horta-Guinardó,35,el Guinardó,43,45666
629,2019,7,Horta-Guinardó,35,el Guinardó,44,48738
630,2019,7,Horta-Guinardó,35,el Guinardó,45,43722
631,2019,7,Horta-Guinardó,35,el Guinardó,46,42770
632,2019,7,Horta-Guinardó,35,el Guinardó,47,44562
633,2019,7,Horta-Guinardó,35,el Guinardó,48,44051
634,2019,7,Horta-Guinardó,35,el Guinardó,49,45417
635,2019,7,Horta-Guinardó,35,el Guinardó,50,42945
636,2019,7,Horta-Guinardó,35,el Guinardó,51,46214
637,2019,7,Horta-Guinardó,36,la Font d'en Fargues,52,65459
638,2019,7,Horta-Guinardó,36,la Font d'en Fargues,53,52639
639,2019,7,Horta-Guinardó,36,la Font d'en Fargues,54,67178
640,2019,7,Horta-Guinardó,36,la Font d'en Fargues,55,75169
641,2019,7,Horta-Guinardó,36,la Font d'en Fargues,56,52756
642,2019,7,Horta-Guinardó,36,la Font d'en Fargues,57,56109
643,2019,7,Horta-Guinardó,36,la Font d'en Fargues,58,51710
644,2019,7,Horta-Guinardó,37,el Carmel,59,34499
645,2019,7,Horta-Guinardó,37,el Carmel,60,34047
646,2019,7,Horta-Guinardó,37,el Carmel,61,36873
647,2019,7,Horta-Guinardó,37,el Carmel,62,36193
648,2019,7,Horta-Guinardó,37,el Carmel,63,32390
649,2019,7,Horta-Guinardó,37,el Carmel,64,35080
650,2019,7,Horta-Guinardó,37,el Carmel,65,29397
651,2019,7,Horta-Guinardó,37,el Carmel,66,31370
652,2019,7,Horta-Guinardó,37,el Carmel,67,29642
653,2019,7,Horta-Guinardó,37,el Carmel,68,30742
654,2019,7,Horta-Guinardó,37,el Carmel,69,30695
655,2019,7,Horta-Guinardó,37,el Carmel,70,33825
656,2019,7,Horta-Guinardó,37,el Carmel,71,38292
657,2019,7,Horta-Guinardó,37,el Carmel,72,36699
658,2019,7,Horta-Guinardó,37,el Carmel,73,31650
659,2019,7,Horta-Guinardó,37,el Carmel,74,35199
660,2019,7,Horta-Guinardó,37,el Carmel,75,34792
661,2019,7,Horta-Guinardó,37,el Carmel,76,33059
662,2019,7,Horta-Guinardó,37,el Carmel,77,32588
663,2019,7,Horta-Guinardó,37,el Carmel,78,34305
664,2019,7,Horta-Guinardó,37,el Carmel,79,33157
665,2019,7,Horta-Guinardó,37,el Carmel,80,36490
666,2019,7,Horta-Guinardó,38,la Teixonera,81,38979
667,2019,7,Horta-Guinardó,38,la Teixonera,82,35956
668,2019,7,Horta-Guinardó,38,la Teixonera,83,34485
669,2019,7,Horta-Guinardó,38,la Teixonera,84,34741
670,2019,7,Horta-Guinardó,38,la Teixonera,85,39323
671,2019,7,Horta-Guinardó,38,la Teixonera,86,34660
672,2019,7,Horta-Guinardó,38,la Teixonera,87,34566
673,2019,7,Horta-Guinardó,38,la Teixonera,88,39371
674,2019,7,Horta-Guinardó,39,Sant Genís dels Agudells,89,47115
675,2019,7,Horta-Guinardó,39,Sant Genís dels Agudells,90,41640
676,2019,7,Horta-Guinardó,39,Sant Genís dels Agudells,91,39658
677,2019,7,Horta-Guinardó,39,Sant Genís dels Agudells,92,33241
678,2019,7,Horta-Guinardó,39,Sant Genís dels Agudells,93,39824
679,2019,7,Horta-Guinardó,40,Montbau,94,39191
680,2019,7,Horta-Guinardó,40,Montbau,95,44774
681,2019,7,Horta-Guinardó,40,Montbau,96,38523
682,2019,7,Horta-Guinardó,40,Montbau,97,46868
683,2019,7,Horta-Guinardó,41,la Vall d'Hebron,98,64116
684,2019,7,Horta-Guinardó,41,la Vall d'Hebron,99,53084
685,2019,7,Horta-Guinardó,41,la Vall d'Hebron,100,42570
686,2019,7,Horta-Guinardó,41,la Vall d'Hebron,101,43382
687,2019,7,Horta-Guinardó,42,la Clota,102,43644
688,2019,7,Horta-Guinardó,43,Horta,103,43609
689,2019,7,Horta-Guinardó,43,Horta,104,37445
690,2019,7,Horta-Guinardó,43,Horta,105,48252
691,2019,7,Horta-Guinardó,43,Horta,106,47310
692,2019,7,Horta-Guinardó,43,Horta,107,58314
693,2019,7,Horta-Guinardó,43,Horta,108,50257
694,2019,7,Horta-Guinardó,43,Horta,109,35402
695,2019,7,Horta-Guinardó,43,Horta,110,51650
696,2019,7,Horta-Guinardó,43,Horta,111,56044
697,2019,7,Horta-Guinardó,43,Horta,112,49380
698,2019,7,Horta-Guinardó,43,Horta,113,41861
699,2019,7,Horta-Guinardó,43,Horta,114,49024
700,2019,7,Horta-Guinardó,43,Horta,115,57095
701,2019,7,Horta-Guinardó,43,Horta,116,43397
702,2019,7,Horta-Guinardó,43,Horta,117,46243
703,2019,7,Horta-Guinardó,43,Horta,118,46749
704,2019,7,Horta-Guinardó,43,Horta,119,39722
705,2019,7,Horta-Guinardó,43,Horta,120,42583
706,2019,7,Horta-Guinardó,43,Horta,121,37598
707,2019,7,Horta-Guinardó,43,Horta,122,41908
708,2019,7,Horta-Guinardó,43,Horta,123,44704
709,2019,8,Nou Barris,44,Vilapicina i la Torre Llobeta,1,40130
710,2019,8,Nou Barris,44,Vilapicina i la Torre Llobeta,2,45998
711,2019,8,Nou Barris,44,Vilapicina i la Torre Llobeta,3,41074
712,2019,8,Nou Barris,44,Vilapicina i la Torre Llobeta,4,39507
713,2019,8,Nou Barris,44,Vilapicina i la Torre Llobeta,5,44315
714,2019,8,Nou Barris,44,Vilapicina i la Torre Llobeta,6,46910
715,2019,8,Nou Barris,44,Vilapicina i la Torre Llobeta,7,47386
716,2019,8,Nou Barris,44,Vilapicina i la Torre Llobeta,8,45308
717,2019,8,Nou Barris,44,Vilapicina i la Torre Llobeta,9,42014
718,2019,8,Nou Barris,44,Vilapicina i la Torre Llobeta,10,47067
719,2019,8,Nou Barris,44,Vilapicina i la Torre Llobeta,11,53046
720,2019,8,Nou Barris,44,Vilapicina i la Torre Llobeta,12,41673
721,2019,8,Nou Barris,44,Vilapicina i la Torre Llobeta,13,43423
722,2019,8,Nou Barris,44,Vilapicina i la Torre Llobeta,14,40255
723,2019,8,Nou Barris,44,Vilapicina i la Torre Llobeta,15,38821
724,2019,8,Nou Barris,44,Vilapicina i la Torre Llobeta,16,39050
725,2019,8,Nou Barris,44,Vilapicina i la Torre Llobeta,17,45424
726,2019,8,Nou Barris,44,Vilapicina i la Torre Llobeta,18,43926
727,2019,8,Nou Barris,44,Vilapicina i la Torre Llobeta,19,39116
728,2019,8,Nou Barris,45,Porta,20,38801
729,2019,8,Nou Barris,45,Porta,21,41740
730,2019,8,Nou Barris,45,Porta,22,45683
731,2019,8,Nou Barris,45,Porta,23,37009
732,2019,8,Nou Barris,45,Porta,24,39742
733,2019,8,Nou Barris,45,Porta,25,34111
734,2019,8,Nou Barris,45,Porta,26,42571
735,2019,8,Nou Barris,45,Porta,27,43727
736,2019,8,Nou Barris,45,Porta,28,37965
737,2019,8,Nou Barris,45,Porta,29,32551
738,2019,8,Nou Barris,45,Porta,30,37349
739,2019,8,Nou Barris,45,Porta,31,37116
740,2019,8,Nou Barris,45,Porta,32,42811
741,2019,8,Nou Barris,45,Porta,33,34598
742,2019,8,Nou Barris,45,Porta,34,31471
743,2019,8,Nou Barris,45,Porta,35,33832
744,2019,8,Nou Barris,45,Porta,36,31141
745,2019,8,Nou Barris,45,Porta,37,36058
746,2019,8,Nou Barris,46,el Turó de la Peira,38,35166
747,2019,8,Nou Barris,46,el Turó de la Peira,39,34381
748,2019,8,Nou Barris,46,el Turó de la Peira,40,29798
749,2019,8,Nou Barris,46,el Turó de la Peira,41,29050
750,2019,8,Nou Barris,46,el Turó de la Peira,42,41665
751,2019,8,Nou Barris,46,el Turó de la Peira,43,32818
752,2019,8,Nou Barris,46,el Turó de la Peira,44,30893
753,2019,8,Nou Barris,46,el Turó de la Peira,45,32671
754,2019,8,Nou Barris,46,el Turó de la Peira,46,31098
755,2019,8,Nou Barris,46,el Turó de la Peira,47,29168
756,2019,8,Nou Barris,47,Can Peguera,48,24867
757,2019,8,Nou Barris,47,Can Peguera,49,30547
758,2019,8,Nou Barris,48,la Guineueta,50,49688
759,2019,8,Nou Barris,48,la Guineueta,51,48730
760,2019,8,Nou Barris,48,la Guineueta,52,39406
761,2019,8,Nou Barris,48,la Guineueta,53,47468
762,2019,8,Nou Barris,48,la Guineueta,54,40228
763,2019,8,Nou Barris,48,la Guineueta,55,56232
764,2019,8,Nou Barris,48,la Guineueta,56,37231
765,2019,8,Nou Barris,48,la Guineueta,57,37841
766,2019,8,Nou Barris,48,la Guineueta,58,34235
767,2019,8,Nou Barris,48,la Guineueta,59,37396
768,2019,8,Nou Barris,49,Canyelles,60,42307
769,2019,8,Nou Barris,49,Canyelles,61,35589
770,2019,8,Nou Barris,49,Canyelles,62,42436
771,2019,8,Nou Barris,49,Canyelles,63,46629
772,2019,8,Nou Barris,49,Canyelles,64,37838
773,2019,8,Nou Barris,50,les Roquetes,65,30787
774,2019,8,Nou Barris,50,les Roquetes,66,28858
775,2019,8,Nou Barris,50,les Roquetes,67,34954
776,2019,8,Nou Barris,50,les Roquetes,68,31328
777,2019,8,Nou Barris,50,les Roquetes,69,30984
778,2019,8,Nou Barris,50,les Roquetes,70,28814
779,2019,8,Nou Barris,50,les Roquetes,71,31241
780,2019,8,Nou Barris,50,les Roquetes,72,35215
781,2019,8,Nou Barris,50,les Roquetes,73,26170
782,2019,8,Nou Barris,50,les Roquetes,74,29710
783,2019,8,Nou Barris,51,Verdun,75,31732
784,2019,8,Nou Barris,51,Verdun,76,32773
785,2019,8,Nou Barris,51,Verdun,77,28788
786,2019,8,Nou Barris,51,Verdun,78,27520
787,2019,8,Nou Barris,51,Verdun,79,29443
788,2019,8,Nou Barris,51,Verdun,80,32951
789,2019,8,Nou Barris,51,Verdun,81,30252
790,2019,8,Nou Barris,51,Verdun,82,30510
791,2019,8,Nou Barris,52,la Prosperitat,83,33945
792,2019,8,Nou Barris,52,la Prosperitat,84,34308
793,2019,8,Nou Barris,52,la Prosperitat,85,32995
794,2019,8,Nou Barris,52,la Prosperitat,86,35062
795,2019,8,Nou Barris,52,la Prosperitat,87,33911
796,2019,8,Nou Barris,52,la Prosperitat,88,32420
797,2019,8,Nou Barris,52,la Prosperitat,89,33382
798,2019,8,Nou Barris,52,la Prosperitat,90,36004
799,2019,8,Nou Barris,52,la Prosperitat,91,35919
800,2019,8,Nou Barris,52,la Prosperitat,92,37403
801,2019,8,Nou Barris,52,la Prosperitat,93,33226
802,2019,8,Nou Barris,52,la Prosperitat,94,34625
803,2019,8,Nou Barris,52,la Prosperitat,95,43365
804,2019,8,Nou Barris,52,la Prosperitat,96,36890
805,2019,8,Nou Barris,52,la Prosperitat,97,34445
806,2019,8,Nou Barris,52,la Prosperitat,98,33067
807,2019,8,Nou Barris,52,la Prosperitat,99,36463
808,2019,8,Nou Barris,52,la Prosperitat,100,33265
809,2019,8,Nou Barris,52,la Prosperitat,101,35487
810,2019,8,Nou Barris,52,la Prosperitat,102,28626
811,2019,8,Nou Barris,53,la Trinitat Nova,103,24807
812,2019,8,Nou Barris,53,la Trinitat Nova,104,28061
813,2019,8,Nou Barris,53,la Trinitat Nova,105,29636
814,2019,8,Nou Barris,53,la Trinitat Nova,106,31446
815,2019,8,Nou Barris,53,la Trinitat Nova,107,28699
816,2019,8,Nou Barris,54,Torre Baró,108,30547
817,2019,8,Nou Barris,54,Torre Baró,109,31631
818,2019,8,Nou Barris,55,Ciutat Meridiana,110,24047
819,2019,8,Nou Barris,55,Ciutat Meridiana,111,28230
820,2019,8,Nou Barris,55,Ciutat Meridiana,112,29326
821,2019,8,Nou Barris,55,Ciutat Meridiana,113,27910
822,2019,8,Nou Barris,55,Ciutat Meridiana,114,30805
823,2019,8,Nou Barris,55,Ciutat Meridiana,115,28734
824,2019,8,Nou Barris,56,Vallbona,116,29974
825,2019,8,Nou Barris,48,la Guineueta,215,45149
826,2019,9,Sant Andreu,57,la Trinitat Vella,1,27968
827,2019,9,Sant Andreu,57,la Trinitat Vella,2,28430
828,2019,9,Sant Andreu,57,la Trinitat Vella,3,28997
829,2019,9,Sant Andreu,57,la Trinitat Vella,4,31906
830,2019,9,Sant Andreu,57,la Trinitat Vella,5,40657
831,2019,9,Sant Andreu,58,Baró de Viver,6,28985
832,2019,9,Sant Andreu,58,Baró de Viver,7,26416
833,2019,9,Sant Andreu,59,el Bon Pastor,8,63667
834,2019,9,Sant Andreu,59,el Bon Pastor,9,44494
835,2019,9,Sant Andreu,59,el Bon Pastor,10,35041
836,2019,9,Sant Andreu,59,el Bon Pastor,11,31747
837,2019,9,Sant Andreu,59,el Bon Pastor,13,28910
838,2019,9,Sant Andreu,59,el Bon Pastor,14,31906
839,2019,9,Sant Andreu,59,el Bon Pastor,15,32486
840,2019,9,Sant Andreu,60,Sant Andreu,16,47864
841,2019,9,Sant Andreu,60,Sant Andreu,17,49165
842,2019,9,Sant Andreu,60,Sant Andreu,18,44158
843,2019,9,Sant Andreu,60,Sant Andreu,19,55939
844,2019,9,Sant Andreu,60,Sant Andreu,20,47418
845,2019,9,Sant Andreu,60,Sant Andreu,21,51282
846,2019,9,Sant Andreu,60,Sant Andreu,22,51302
847,2019,9,Sant Andreu,60,Sant Andreu,23,54575
848,2019,9,Sant Andreu,60,Sant Andreu,24,47306
849,2019,9,Sant Andreu,60,Sant Andreu,25,47932
850,2019,9,Sant Andreu,60,Sant Andreu,26,52088
851,2019,9,Sant Andreu,60,Sant Andreu,27,50012
852,2019,9,Sant Andreu,60,Sant Andreu,28,64562
853,2019,9,Sant Andreu,60,Sant Andreu,29,44567
854,2019,9,Sant Andreu,60,Sant Andreu,30,52102
855,2019,9,Sant Andreu,60,Sant Andreu,31,54259
856,2019,9,Sant Andreu,60,Sant Andreu,32,39239
857,2019,9,Sant Andreu,60,Sant Andreu,33,39804
858,2019,9,Sant Andreu,60,Sant Andreu,34,37905
859,2019,9,Sant Andreu,60,Sant Andreu,35,44985
860,2019,9,Sant Andreu,60,Sant Andreu,36,47638
861,2019,9,Sant Andreu,60,Sant Andreu,37,39826
862,2019,9,Sant Andreu,60,Sant Andreu,38,52179
863,2019,9,Sant Andreu,60,Sant Andreu,39,45375
864,2019,9,Sant Andreu,60,Sant Andreu,40,50261
865,2019,9,Sant Andreu,60,Sant Andreu,41,43073
866,2019,9,Sant Andreu,60,Sant Andreu,42,48868
867,2019,9,Sant Andreu,60,Sant Andreu,43,42834
868,2019,9,Sant Andreu,60,Sant Andreu,44,46072
869,2019,9,Sant Andreu,60,Sant Andreu,45,46863
870,2019,9,Sant Andreu,60,Sant Andreu,46,48246
871,2019,9,Sant Andreu,60,Sant Andreu,47,49183
872,2019,9,Sant Andreu,60,Sant Andreu,48,44906
873,2019,9,Sant Andreu,60,Sant Andreu,49,46487
874,2019,9,Sant Andreu,60,Sant Andreu,50,48431
875,2019,9,Sant Andreu,60,Sant Andreu,51,47555
876,2019,9,Sant Andreu,60,Sant Andreu,52,47592
877,2019,9,Sant Andreu,60,Sant Andreu,53,50871
878,2019,9,Sant Andreu,60,Sant Andreu,54,50205
879,2019,9,Sant Andreu,61,la Sagrera,55,44960
880,2019,9,Sant Andreu,61,la Sagrera,56,47190
881,2019,9,Sant Andreu,61,la Sagrera,57,42874
882,2019,9,Sant Andreu,61,la Sagrera,58,50603
883,2019,9,Sant Andreu,61,la Sagrera,59,43740
884,2019,9,Sant Andreu,61,la Sagrera,60,43930
885,2019,9,Sant Andreu,61,la Sagrera,61,53325
886,2019,9,Sant Andreu,61,la Sagrera,62,38989
887,2019,9,Sant Andreu,61,la Sagrera,63,51547
888,2019,9,Sant Andreu,61,la Sagrera,64,52705
889,2019,9,Sant Andreu,61,la Sagrera,65,45776
890,2019,9,Sant Andreu,61,la Sagrera,66,49273
891,2019,9,Sant Andreu,61,la Sagrera,67,41833
892,2019,9,Sant Andreu,61,la Sagrera,68,49041
893,2019,9,Sant Andreu,61,la Sagrera,69,43314
894,2019,9,Sant Andreu,61,la Sagrera,70,31606
895,2019,9,Sant Andreu,61,la Sagrera,71,43184
896,2019,9,Sant Andreu,61,la Sagrera,72,34450
897,2019,9,Sant Andreu,61,la Sagrera,73,45964
898,2019,9,Sant Andreu,62,el Congrés i els Indians,74,42524
899,2019,9,Sant Andreu,62,el Congrés i els Indians,75,45339
900,2019,9,Sant Andreu,62,el Congrés i els Indians,76,40199
901,2019,9,Sant Andreu,62,el Congrés i els Indians,77,41253
902,2019,9,Sant Andreu,62,el Congrés i els Indians,78,44700
903,2019,9,Sant Andreu,62,el Congrés i els Indians,79,47021
904,2019,9,Sant Andreu,62,el Congrés i els Indians,80,49666
905,2019,9,Sant Andreu,62,el Congrés i els Indians,81,46049
906,2019,9,Sant Andreu,62,el Congrés i els Indians,82,44929
907,2019,9,Sant Andreu,63,Navas,83,44832
908,2019,9,Sant Andreu,63,Navas,84,51750
909,2019,9,Sant Andreu,63,Navas,85,47546
910,2019,9,Sant Andreu,63,Navas,86,46307
911,2019,9,Sant Andreu,63,Navas,87,50844
912,2019,9,Sant Andreu,63,Navas,88,40455
913,2019,9,Sant Andreu,63,Navas,89,40979
914,2019,9,Sant Andreu,63,Navas,90,43538
915,2019,9,Sant Andreu,63,Navas,91,47926
916,2019,9,Sant Andreu,63,Navas,92,45986
917,2019,9,Sant Andreu,63,Navas,93,44654
918,2019,9,Sant Andreu,63,Navas,94,44687
919,2019,9,Sant Andreu,63,Navas,95,45099
920,2019,9,Sant Andreu,61,la Sagrera,156,45140
921,2019,10,Sant Martí,64,Camp de l'Arpa del Clot,1,38756
922,2019,10,Sant Martí,64,Camp de l'Arpa del Clot,2,41205
923,2019,10,Sant Martí,64,Camp de l'Arpa del Clot,3,45249
924,2019,10,Sant Martí,64,Camp de l'Arpa del Clot,4,44341
925,2019,10,Sant Martí,64,Camp de l'Arpa del Clot,5,48996
926,2019,10,Sant Martí,64,Camp de l'Arpa del Clot,6,49439
927,2019,10,Sant Martí,64,Camp de l'Arpa del Clot,7,59478
928,2019,10,Sant Martí,64,Camp de l'Arpa del Clot,8,42556
929,2019,10,Sant Martí,64,Camp de l'Arpa del Clot,9,43942
930,2019,10,Sant Martí,64,Camp de l'Arpa del Clot,10,41658
931,2019,10,Sant Martí,64,Camp de l'Arpa del Clot,11,50778
932,2019,10,Sant Martí,64,Camp de l'Arpa del Clot,12,51127
933,2019,10,Sant Martí,64,Camp de l'Arpa del Clot,13,43534
934,2019,10,Sant Martí,64,Camp de l'Arpa del Clot,14,44116
935,2019,10,Sant Martí,64,Camp de l'Arpa del Clot,15,45921
936,2019,10,Sant Martí,64,Camp de l'Arpa del Clot,16,50573
937,2019,10,Sant Martí,64,Camp de l'Arpa del Clot,17,46289
938,2019,10,Sant Martí,64,Camp de l'Arpa del Clot,18,43345
939,2019,10,Sant Martí,64,Camp de l'Arpa del Clot,19,46584
940,2019,10,Sant Martí,64,Camp de l'Arpa del Clot,20,39602
941,2019,10,Sant Martí,64,Camp de l'Arpa del Clot,21,42996
942,2019,10,Sant Martí,64,Camp de l'Arpa del Clot,22,44364
943,2019,10,Sant Martí,64,Camp de l'Arpa del Clot,23,43726
944,2019,10,Sant Martí,64,Camp de l'Arpa del Clot,24,48130
945,2019,10,Sant Martí,64,Camp de l'Arpa del Clot,25,44014
946,2019,10,Sant Martí,65,el Clot,26,51991
947,2019,10,Sant Martí,65,el Clot,27,46590
948,2019,10,Sant Martí,65,el Clot,28,48443
949,2019,10,Sant Martí,65,el Clot,29,44660
950,2019,10,Sant Martí,65,el Clot,30,45327
951,2019,10,Sant Martí,65,el Clot,31,44105
952,2019,10,Sant Martí,65,el Clot,32,51716
953,2019,10,Sant Martí,65,el Clot,33,51287
954,2019,10,Sant Martí,65,el Clot,34,44111
955,2019,10,Sant Martí,65,el Clot,35,57077
956,2019,10,Sant Martí,65,el Clot,36,61683
957,2019,10,Sant Martí,65,el Clot,37,37317
958,2019,10,Sant Martí,65,el Clot,38,46960
959,2019,10,Sant Martí,65,el Clot,39,44343
960,2019,10,Sant Martí,65,el Clot,40,45344
961,2019,10,Sant Martí,65,el Clot,41,45341
962,2019,10,Sant Martí,66,el Parc i la Llacuna del Poblenou,42,39455
963,2019,10,Sant Martí,66,el Parc i la Llacuna del Poblenou,43,42776
964,2019,10,Sant Martí,66,el Parc i la Llacuna del Poblenou,44,46735
965,2019,10,Sant Martí,66,el Parc i la Llacuna del Poblenou,45,56701
966,2019,10,Sant Martí,66,el Parc i la Llacuna del Poblenou,46,49707
967,2019,10,Sant Martí,66,el Parc i la Llacuna del Poblenou,47,53248
968,2019,10,Sant Martí,66,el Parc i la Llacuna del Poblenou,48,51876
969,2019,10,Sant Martí,66,el Parc i la Llacuna del Poblenou,49,51163
970,2019,10,Sant Martí,66,el Parc i la Llacuna del Poblenou,50,53499
971,2019,10,Sant Martí,67,la Vila Olímpica del Poblenou,51,57708
972,2019,10,Sant Martí,67,la Vila Olímpica del Poblenou,52,83065
973,2019,10,Sant Martí,67,la Vila Olímpica del Poblenou,53,101099
974,2019,10,Sant Martí,67,la Vila Olímpica del Poblenou,54,85566
975,2019,10,Sant Martí,67,la Vila Olímpica del Poblenou,55,97000
976,2019,10,Sant Martí,68,el Poblenou,56,44741
977,2019,10,Sant Martí,68,el Poblenou,57,41526
978,2019,10,Sant Martí,68,el Poblenou,58,39257
979,2019,10,Sant Martí,68,el Poblenou,59,53109
980,2019,10,Sant Martí,68,el Poblenou,60,43950
981,2019,10,Sant Martí,68,el Poblenou,61,56458
982,2019,10,Sant Martí,68,el Poblenou,62,56396
983,2019,10,Sant Martí,68,el Poblenou,63,55083
984,2019,10,Sant Martí,68,el Poblenou,64,53467
985,2019,10,Sant Martí,68,el Poblenou,65,55596
986,2019,10,Sant Martí,68,el Poblenou,66,57492
987,2019,10,Sant Martí,68,el Poblenou,67,79347
988,2019,10,Sant Martí,68,el Poblenou,68,64770
989,2019,10,Sant Martí,68,el Poblenou,69,62529
990,2019,10,Sant Martí,68,el Poblenou,70,46565
991,2019,10,Sant Martí,68,el Poblenou,71,59763
992,2019,10,Sant Martí,68,el Poblenou,72,49369
993,2019,10,Sant Martí,68,el Poblenou,73,41842
994,2019,10,Sant Martí,68,el Poblenou,74,44322
995,2019,10,Sant Martí,68,el Poblenou,75,46098
996,2019,10,Sant Martí,69,Diagonal Mar i el Front Marítim del Poblenou,76,50275
997,2019,10,Sant Martí,69,Diagonal Mar i el Front Marítim del Poblenou,77,74649
998,2019,10,Sant Martí,69,Diagonal Mar i el Front Marítim del Poblenou,78,71801
999,2019,10,Sant Martí,69,Diagonal Mar i el Front Marítim del Poblenou,79,59435
1000,2019,10,Sant Martí,69,Diagonal Mar i el Front Marítim del Poblenou,80,105583
1001,2019,10,Sant Martí,70,el Besòs i el Maresme,81,36724
1002,2019,10,Sant Martí,70,el Besòs i el Maresme,82,25830
1003,2019,10,Sant Martí,70,el Besòs i el Maresme,83,24831
1004,2019,10,Sant Martí,70,el Besòs i el Maresme,84,28535
1005,2019,10,Sant Martí,70,el Besòs i el Maresme,85,26814
1006,2019,10,Sant Martí,70,el Besòs i el Maresme,86,29793
1007,2019,10,Sant Martí,70,el Besòs i el Maresme,87,28289
1008,2019,10,Sant Martí,70,el Besòs i el Maresme,88,40670
1009,2019,10,Sant Martí,70,el Besòs i el Maresme,89,28936
1010,2019,10,Sant Martí,70,el Besòs i el Maresme,90,35474
1011,2019,10,Sant Martí,70,el Besòs i el Maresme,91,36602
1012,2019,10,Sant Martí,70,el Besòs i el Maresme,92,44109
1013,2019,10,Sant Martí,70,el Besòs i el Maresme,93,46483
1014,2019,10,Sant Martí,71,Provençals del Poblenou,94,53608
1015,2019,10,Sant Martí,71,Provençals del Poblenou,95,38809
1016,2019,10,Sant Martí,71,Provençals del Poblenou,96,57386
1017,2019,10,Sant Martí,71,Provençals del Poblenou,97,55934
1018,2019,10,Sant Martí,71,Provençals del Poblenou,98,53660
1019,2019,10,Sant Martí,71,Provençals del Poblenou,99,38034
1020,2019,10,Sant Martí,71,Provençals del Poblenou,100,40828
1021,2019,10,Sant Martí,71,Provençals del Poblenou,101,44615
1022,2019,10,Sant Martí,71,Provençals del Poblenou,102,39164
1023,2019,10,Sant Martí,71,Provençals del Poblenou,103,44145
1024,2019,10,Sant Martí,71,Provençals del Poblenou,104,53218
1025,2019,10,Sant Martí,72,Sant Martí de Provençals,105,47432
1026,2019,10,Sant Martí,72,Sant Martí de Provençals,106,42797
1027,2019,10,Sant Martí,72,Sant Martí de Provençals,107,59155
1028,2019,10,Sant Martí,72,Sant Martí de Provençals,108,38003
1029,2019,10,Sant Martí,72,Sant Martí de Provençals,109,37656
1030,2019,10,Sant Martí,72,Sant Martí de Provençals,110,36751
1031,2019,10,Sant Martí,72,Sant Martí de Provençals,111,41751
1032,2019,10,Sant Martí,72,Sant Martí de Provençals,112,53970
1033,2019,10,Sant Martí,72,Sant Martí de Provençals,113,41568
1034,2019,10,Sant Martí,72,Sant Martí de Provençals,114,35907
1035,2019,10,Sant Martí,72,Sant Martí de Provençals,115,37577
1036,2019,10,Sant Martí,72,Sant Martí de Provençals,116,33905
1037,2019,10,Sant Martí,72,Sant Martí de Provençals,117,38731
1038,2019,10,Sant Martí,72,Sant Martí de Provençals,118,54217
1039,2019,10,Sant Martí,72,Sant Martí de Provençals,119,33882
1040,2019,10,Sant Martí,72,Sant Martí de Provençals,120,38082
1041,2019,10,Sant Martí,72,Sant Martí de Provençals,121,38463
1042,2019,10,Sant Martí,72,Sant Martí de Provençals,122,51658
1043,2019,10,Sant Martí,73,la Verneda i la Pau,123,41540
1044,2019,10,Sant Martí,73,la Verneda i la Pau,124,47084
1045,2019,10,Sant Martí,73,la Verneda i la Pau,125,38466
1046,2019,10,Sant Martí,73,la Verneda i la Pau,126,44335
1047,2019,10,Sant Martí,73,la Verneda i la Pau,127,46526
1048,2019,10,Sant Martí,73,la Verneda i la Pau,128,43806
1049,2019,10,Sant Martí,73,la Verneda i la Pau,129,49266
1050,2019,10,Sant Martí,73,la Verneda i la Pau,130,38526
1051,2019,10,Sant Martí,73,la Verneda i la Pau,131,53341
1052,2019,10,Sant Martí,73,la Verneda i la Pau,132,39684
1053,2019,10,Sant Martí,73,la Verneda i la Pau,133,36618
1054,2019,10,Sant Martí,73,la Verneda i la Pau,134,34282
1055,2019,10,Sant Martí,73,la Verneda i la Pau,135,37857
1056,2019,10,Sant Martí,73,la Verneda i la Pau,136,38960
1057,2019,10,Sant Martí,73,la Verneda i la Pau,137,34832
1058,2019,10,Sant Martí,73,la Verneda i la Pau,138,31072
1059,2019,10,Sant Martí,73,la Verneda i la Pau,139,32296
1060,2019,10,Sant Martí,73,la Verneda i la Pau,140,34319
1061,2019,10,Sant Martí,73,la Verneda i la Pau,141,34325
1062,2019,10,Sant Martí,73,la Verneda i la Pau,142,31220
1063,2019,10,Sant Martí,73,la Verneda i la Pau,143,37189
1064,2019,10,Sant Martí,65,el Clot,234,44492
1065,2019,10,Sant Martí,69,Diagonal Mar i el Front Marítim del Poblenou,235,34042
1066,2019,10,Sant Martí,69,Diagonal Mar i el Front Marítim del Poblenou,236,37884
1067,2019,10,Sant Martí,71,Provençals del Poblenou,237,33429
